{
  "enc_shap": {
    "mf__dam_enc": {
      "arab_top3": 2.212111473083496,
      "arab_top4": 2.8293159008026123,
      "english_top3": 2.7913825511932373,
      "english_top4": 2.609607696533203
    },
    "mf__distance_category_enc": {
      "arab_top3": 0.2357332557439804,
      "arab_top4": 0.22524406015872955,
      "english_top3": 0.26823148131370544,
      "english_top4": 0.2776529788970947
    },
    "mf__group_code_enc": {
      "arab_top3": 0.8422560691833496,
      "arab_top4": 1.6300618648529053,
      "english_top3": 0.3422693908214569,
      "english_top4": 0.4157002568244934
    },
    "mf__hf_rest_category_enc": {
      "arab_top3": 2.0964369773864746,
      "arab_top4": 1.9754031896591187,
      "english_top3": 1.0987708568572998,
      "english_top4": 0.8955545425415039
    },
    "mf__hippodrome_enc": {
      "arab_top3": 0.6540016531944275,
      "arab_top4": 0.731122612953186,
      "english_top3": 0.7290664315223694,
      "english_top4": 0.9798135757446289
    },
    "mf__jockey_enc": {
      "arab_top3": 7.612968444824219,
      "arab_top4": 8.241199493408203,
      "english_top3": 8.721919059753418,
      "english_top4": 8.345696449279785
    },
    "mf__sec_pace_style_enc": {
      "arab_top3": 0.0,
      "arab_top4": 0.0,
      "english_top3": 0.0,
      "english_top4": 0.0
    },
    "mf__sec_prev1_pace_style_enc": {
      "arab_top3": 0.0,
      "arab_top4": 0.0,
      "english_top3": 0.0,
      "english_top4": 0.0
    },
    "mf__sire_enc": {
      "arab_top3": 0.9879592657089233,
      "arab_top4": 0.6689900159835815,
      "english_top3": 0.769368588924408,
      "english_top4": 0.6005648374557495
    },
    "mf__track_condition_enc": {
      "arab_top3": 0.04334821552038193,
      "arab_top4": 0.0739063173532486,
      "english_top3": 0.03505987673997879,
      "english_top4": 0.04482937604188919
    },
    "mf__track_type_enc": {
      "arab_top3": 0.3861791789531708,
      "arab_top4": 0.5871009826660156,
      "english_top3": 0.9687162637710571,
      "english_top4": 1.0576107501983643
    },
    "mf__trainer_enc": {
      "arab_top3": 0.8090955018997192,
      "arab_top4": 0.7679627537727356,
      "english_top3": 0.6102810502052307,
      "english_top4": 0.5253216624259949
    },
    "mf__weather_condition_enc": {
      "arab_top3": 0.09845909476280212,
      "arab_top4": 0.1038663238286972,
      "english_top3": 0.18743804097175598,
      "english_top4": 0.13967503607273102
    }
  },
  "keep": [
    "mf__jockey_enc",
    "mf__dam_enc",
    "mf__hf_rest_category_enc",
    "mf__group_code_enc",
    "mf__track_type_enc"
  ],
  "drop": [
    "mf__sire_enc",
    "mf__hippodrome_enc",
    "mf__trainer_enc",
    "mf__distance_category_enc",
    "mf__weather_condition_enc",
    "mf__track_condition_enc",
    "mf__sec_pace_style_enc",
    "mf__sec_prev1_pace_style_enc"
  ]
}