{
  "trained_at": "2026-06-03T07:05:12.908382",
  "feature_n": 177,
  "splits": {
    "train_n": 116779,
    "val_n": 39876,
    "test_n": 87573
  },
  "metrics": {
    "arab": {
      "top1": {
        "auc_xgb": 0.6950470574612835,
        "auc_lgbm": 0.6922368675720297,
        "auc_ens": 0.6957114386890758,
        "auc_cal": 0.6982287456927259,
        "brier_cal": 0.08694117423828043,
        "logloss_cal": 0.3048135144300988,
        "n_train": 54807,
        "n_val": 19059,
        "pos_rate_train": 0.09582717536081158,
        "pos_rate_val": 0.10168424366441052,
        "auc_test": 0.6762310263991453,
        "brier_test": 0.08508877867363841,
        "logloss_test": 0.3056780504448816,
        "n_test": 42000,
        "pos_rate_test": 0.09776190476190476
      },
      "top2": {
        "auc_xgb": 0.6966806856327812,
        "auc_lgbm": 0.6939668106062337,
        "auc_ens": 0.6967769559423564,
        "auc_cal": 0.6986273640173355,
        "brier_cal": 0.14804003038157096,
        "logloss_cal": 0.46133993002660134,
        "n_train": 54807,
        "n_val": 19059,
        "pos_rate_train": 0.19161785903260534,
        "pos_rate_val": 0.20252898892911486,
        "auc_test": 0.6858718754893733,
        "brier_test": 0.1467491149156533,
        "logloss_test": 0.460906142554363,
        "n_test": 42000,
        "pos_rate_test": 0.19497619047619047
      },
      "top3": {
        "auc_xgb": 0.706496851883339,
        "auc_lgbm": 0.7033253975186704,
        "auc_ens": 0.7060734040178606,
        "auc_cal": 0.7078492182576848,
        "brier_cal": 0.18754807889853523,
        "logloss_cal": 0.5532159939668423,
        "n_train": 54807,
        "n_val": 19059,
        "pos_rate_train": 0.28923312715529037,
        "pos_rate_val": 0.3051576682931948,
        "auc_test": 0.6932482570592623,
        "brier_test": 0.18800150809946714,
        "logloss_test": 0.5592444821325823,
        "n_test": 42000,
        "pos_rate_test": 0.2924761904761905
      },
      "top4": {
        "auc_xgb": 0.7161589628589378,
        "auc_lgbm": 0.7152633147206428,
        "auc_ens": 0.7167205083856172,
        "auc_cal": 0.7184095960150005,
        "brier_cal": 0.20664181634202256,
        "logloss_cal": 0.5977019688314616,
        "n_train": 54807,
        "n_val": 19059,
        "pos_rate_train": 0.3862280365646724,
        "pos_rate_val": 0.4062647568078073,
        "auc_test": 0.70264820322692,
        "brier_test": 0.21155088694224417,
        "logloss_test": 0.6120099704710683,
        "n_test": 42000,
        "pos_rate_test": 0.38971428571428574
      },
      "top5": {
        "auc_xgb": 0.727645953603017,
        "auc_lgbm": 0.7258567619183909,
        "auc_ens": 0.7276893412315046,
        "auc_cal": 0.7290655628812858,
        "brier_cal": 0.20932705635227813,
        "logloss_cal": 0.6037392398269085,
        "n_train": 54807,
        "n_val": 19059,
        "pos_rate_train": 0.48185450763588594,
        "pos_rate_val": 0.5083162810220893,
        "auc_test": 0.7233834349594594,
        "brier_test": 0.21264599478349847,
        "logloss_test": 0.6124655056001534,
        "n_test": 42000,
        "pos_rate_test": 0.4865
      }
    },
    "english": {
      "top1": {
        "auc_xgb": 0.7000603579536153,
        "auc_lgbm": 0.6971969419839963,
        "auc_ens": 0.7003782094883895,
        "auc_cal": 0.7029069790000522,
        "brier_cal": 0.09641351052189458,
        "logloss_cal": 0.3298414071567736,
        "n_train": 61972,
        "n_val": 20817,
        "pos_rate_train": 0.10909765700638999,
        "pos_rate_val": 0.11567468895614162,
        "auc_test": 0.6992982211020918,
        "brier_test": 0.09200544716417344,
        "logloss_test": 0.3191803270266206,
        "n_test": 45573,
        "pos_rate_test": 0.1086827726943585
      },
      "top2": {
        "auc_xgb": 0.7016073493824032,
        "auc_lgbm": 0.7002691447038374,
        "auc_ens": 0.7020829403373714,
        "auc_cal": 0.7039069489008453,
        "brier_cal": 0.16098656745385626,
        "logloss_cal": 0.49190160551801704,
        "n_train": 61972,
        "n_val": 20817,
        "pos_rate_train": 0.2188891757567934,
        "pos_rate_val": 0.2319738675121295,
        "auc_test": 0.7076704787906537,
        "brier_test": 0.15417966233237226,
        "logloss_test": 0.4783160776004802,
        "n_test": 45573,
        "pos_rate_test": 0.2172338884866039
      },
      "top3": {
        "auc_xgb": 0.7109021618533299,
        "auc_lgbm": 0.7106959851625851,
        "auc_ens": 0.711874123183286,
        "auc_cal": 0.7136082816617971,
        "brier_cal": 0.19779553917427098,
        "logloss_cal": 0.5776699693887777,
        "n_train": 61972,
        "n_val": 20817,
        "pos_rate_train": 0.3294552378493513,
        "pos_rate_val": 0.34961810059086323,
        "auc_test": 0.7134764134441374,
        "brier_test": 0.19251047181235853,
        "logloss_test": 0.5679553494232098,
        "n_test": 45573,
        "pos_rate_test": 0.32580694709586816
      },
      "top4": {
        "auc_xgb": 0.7265455128202635,
        "auc_lgbm": 0.7259303157997781,
        "auc_ens": 0.7271338646439789,
        "auc_cal": 0.7284375570993258,
        "brier_cal": 0.20931492742836258,
        "logloss_cal": 0.6045827841235264,
        "n_train": 61972,
        "n_val": 20817,
        "pos_rate_train": 0.4403117536952172,
        "pos_rate_val": 0.4687995388384493,
        "auc_test": 0.7330649457919672,
        "brier_test": 0.20580675948750915,
        "logloss_test": 0.5970498105644862,
        "n_test": 45573,
        "pos_rate_test": 0.43440194852215125
      },
      "top5": {
        "auc_xgb": 0.7488727231617833,
        "auc_lgbm": 0.7492566542944484,
        "auc_ens": 0.7498519926205963,
        "auc_cal": 0.7511647481440484,
        "brier_cal": 0.1970315456270114,
        "logloss_cal": 0.5743187138005131,
        "n_train": 61972,
        "n_val": 20817,
        "pos_rate_train": 0.5490060027109017,
        "pos_rate_val": 0.5854349810251237,
        "auc_test": 0.7560451346346921,
        "brier_test": 0.19994705471242477,
        "logloss_test": 0.5786684300638042,
        "n_test": 45573,
        "pos_rate_test": 0.5408026682465495
      }
    }
  }
}