{
  "trained_at": "2026-06-03T09:57:58.498156",
  "n_features": 185,
  "splits": {
    "train": 116779,
    "val": 39876,
    "test": 87573
  },
  "form_cols": [
    "last_race_finish",
    "avg_finish_last3",
    "avg_finish_last5",
    "avg_finish_last10",
    "win_rate_last10",
    "top3_rate_last10",
    "days_since_last_race",
    "races_in_last_180d"
  ],
  "metrics": {
    "arab": {
      "top1": {
        "auc_test": 0.6979812730879953,
        "brier_test": 0.08422870215524474,
        "logloss_test": 0.30096218501443633,
        "auc_agf": 0.7124867098575356,
        "d_auc": -0.014505436769540303,
        "pos_rate_test": 0.09776190476190476,
        "n_test": 42000
      },
      "top2": {
        "auc_test": 0.7074956808005874,
        "brier_test": 0.14395565502119115,
        "logloss_test": 0.45154078415865867,
        "auc_agf": 0.707366143734229,
        "d_auc": 0.00012953706635843165,
        "pos_rate_test": 0.19497619047619047,
        "n_test": 42000
      },
      "top3": {
        "auc_test": 0.7135358368020035,
        "brier_test": 0.18406681279796475,
        "logloss_test": 0.547813658509966,
        "auc_agf": 0.703391343566376,
        "d_auc": 0.010144493235627494,
        "pos_rate_test": 0.2924761904761905,
        "n_test": 42000
      },
      "top4": {
        "auc_test": 0.721558165252028,
        "brier_test": 0.2064561869539822,
        "logloss_test": 0.6010267770552654,
        "auc_agf": 0.7022158689521469,
        "d_auc": 0.019342296299881045,
        "pos_rate_test": 0.38971428571428574,
        "n_test": 42000
      },
      "top5": {
        "auc_test": 0.7399345449363198,
        "brier_test": 0.20736635173260337,
        "logloss_test": 0.6008297188214085,
        "auc_agf": 0.7069343517410587,
        "d_auc": 0.03300019319526115,
        "pos_rate_test": 0.4865,
        "n_test": 42000
      }
    },
    "english": {
      "top1": {
        "auc_test": 0.7225943191455119,
        "brier_test": 0.09062250867818078,
        "logloss_test": 0.31330114272559045,
        "auc_agf": 0.7253452343709847,
        "d_auc": -0.002750915225472883,
        "pos_rate_test": 0.1086827726943585,
        "n_test": 45573
      },
      "top2": {
        "auc_test": 0.7274551092173663,
        "brier_test": 0.15129045211668876,
        "logloss_test": 0.46938088337516454,
        "auc_agf": 0.7177263921133232,
        "d_auc": 0.009728717104043105,
        "pos_rate_test": 0.2172338884866039,
        "n_test": 45573
      },
      "top3": {
        "auc_test": 0.73266027560429,
        "brier_test": 0.18792407263169533,
        "logloss_test": 0.5549778553386048,
        "auc_agf": 0.7157713849130917,
        "d_auc": 0.016888890691198366,
        "pos_rate_test": 0.32580694709586816,
        "n_test": 45573
      },
      "top4": {
        "auc_test": 0.7500929819025617,
        "brier_test": 0.20086787364713954,
        "logloss_test": 0.5883452453557565,
        "auc_agf": 0.7196309005211087,
        "d_auc": 0.03046208138145301,
        "pos_rate_test": 0.43440194852215125,
        "n_test": 45573
      },
      "top5": {
        "auc_test": 0.772402253419773,
        "brier_test": 0.19429696040951425,
        "logloss_test": 0.5694808860625015,
        "auc_agf": 0.7222356938564112,
        "d_auc": 0.0501665595633618,
        "pos_rate_test": 0.5408026682465495,
        "n_test": 45573
      }
    }
  }
}